age,gender,location,contractPeriod,monthsRemaining,tenure,churn
56,Nam,Quận 1,1,10,22,0
46,Nam,Quận 1,1,6,21,0
32,Nữ,Khác,6,8,21,0
25,Nữ,Quận 1,24,0,8,1
38,Nam,Quận 2,24,7,16,0
56,Nữ,Khác,1,6,31,0
36,Nam,Quận 3,1,5,10,0
40,Nam,Khác,6,5,32,0
28,Nam,Quận 2,6,5,34,0
28,Nam,Quận 2,6,8,9,0
41,Nữ,Khác,24,1,17,0
53,Nữ,Khác,24,0,11,1
57,Nữ,Quận 1,24,11,32,0
41,Nam,Quận 2,1,5,10,0
20,Nam,Khác,24,9,22,0
39,Nam,Khác,12,10,17,0
19,Nữ,Quận 2,12,7,4,1
41,Nam,Khác,6,2,25,0
47,Nữ,Quận 1,24,11,21,0
55,Nữ,Quận 2,12,9,1,0
19,Nữ,Quận 1,6,0,25,1
38,Nữ,Quận 1,24,8,17,0
50,Nữ,Quận 1,1,0,24,1
29,Nữ,Quận 1,12,2,2,0
39,Nam,Quận 2,1,7,15,0
42,Nam,Quận 1,24,2,32,0
44,Nữ,Quận 1,12,3,6,0
59,Nữ,Khác,24,7,1,1
45,Nam,Quận 2,1,0,23,1
33,Nữ,Quận 2,12,5,17,0
32,Nữ,Quận 3,1,0,34,1
20,Nam,Quận 2,24,0,29,0
54,Nữ,Quận 2,24,7,9,1
24,Nữ,Quận 3,1,10,13,0
38,Nữ,Quận 2,12,3,6,1
26,Nam,Quận 2,1,11,6,0
56,Nam,Quận 2,24,0,20,0
35,Nam,Quận 2,1,9,3,0
21,Nữ,Quận 3,24,6,17,0
42,Nữ,Quận 2,1,4,12,0
31,Nam,Quận 2,12,4,1,0
26,Nữ,Quận 3,12,0,17,0
43,Nữ,Khác,1,9,3,0
19,Nữ,Quận 1,1,10,26,1
37,Nữ,Khác,12,5,15,0
45,Nữ,Quận 3,24,8,32,0
24,Nam,Quận 1,12,8,32,0
25,Nữ,Quận 3,24,7,4,0
52,Nam,Quận 3,1,4,18,0
31,Nữ,Quận 2,1,0,19,1
34,Nam,Quận 1,24,8,35,0
53,Nữ,Quận 2,1,0,14,1
57,Nam,Quận 1,24,7,33,0
21,Nữ,Quận 3,6,4,14,0
19,Nam,Quận 3,12,2,34,1
23,Nữ,Khác,6,10,4,0
59,Nam,Quận 1,24,6,24,0
21,Nữ,Quận 2,12,6,29,0
46,Nam,Khác,24,8,19,0
35,Nam,Khác,12,6,6,0
43,Nữ,Khác,12,10,33,0
51,Nữ,Quận 2,12,2,19,0
27,Nam,Khác,12,10,1,0
53,Nữ,Quận 2,24,0,5,1
31,Nam,Khác,12,7,27,0
48,Nam,Quận 2,12,11,16,0
32,Nam,Quận 3,6,2,6,0
25,Nữ,Quận 3,1,11,13,0
31,Nam,Quận 3,1,7,35,0
40,Nam,Quận 3,6,7,19,0
57,Nữ,Quận 3,6,4,12,0
38,Nữ,Khác,24,11,16,0
33,Nữ,Khác,24,0,10,0
35,Nữ,Khác,24,9,25,0
41,Nam,Quận 2,6,6,20,0
43,Nam,Quận 2,6,11,31,0
42,Nam,Quận 2,12,9,4,0
58,Nam,Quận 2,24,4,23,0
46,Nữ,Quận 3,24,7,2,0
32,Nam,Quận 3,24,8,22,0
18,Nam,Quận 3,1,10,8,0
42,Nữ,Quận 1,12,6,7,1
24,Nam,Khác,24,6,14,0
26,Nam,Quận 2,24,0,3,0
41,Nam,Quận 2,24,3,16,0
18,Nam,Quận 3,1,1,19,1
25,Nam,Quận 2,1,1,18,1
41,Nam,Quận 2,6,1,16,0
28,Nữ,Khác,12,3,8,0
34,Nữ,Quận 3,6,0,33,0
25,Nam,Khác,12,3,12,0
52,Nam,Quận 1,1,1,11,1
52,Nữ,Quận 1,24,4,5,0
50,Nam,Quận 1,6,2,27,0
22,Nam,Quận 3,24,11,12,0
59,Nam,Quận 2,6,7,17,0
56,Nữ,Quận 3,1,3,6,0
58,Nam,Quận 3,1,0,33,0
45,Nữ,Quận 2,1,0,5,1
24,Nam,Khác,6,11,28,0
26,Nữ,Quận 1,12,9,14,0
25,Nữ,Khác,6,2,5,0
29,Nam,Quận 1,12,8,33,0
51,Nữ,Quận 3,6,6,19,0
50,Nam,Quận 1,6,1,22,0
40,Nữ,Quận 3,1,8,5,1
41,Nam,Khác,24,9,2,0
54,Nam,Quận 3,24,1,30,0
52,Nữ,Khác,12,2,4,0
57,Nam,Quận 2,24,10,33,0
39,Nam,Quận 2,6,9,13,0
44,Nữ,Quận 2,6,1,20,1
52,Nam,Quận 3,1,2,7,0
18,Nam,Quận 2,1,5,15,0
52,Nữ,Quận 1,24,8,23,0
54,Nữ,Khác,12,8,14,0
31,Nam,Khác,24,6,23,0
20,Nam,Quận 1,24,11,19,0
18,Nữ,Quận 3,24,2,29,0
22,Nữ,Quận 3,24,3,20,0
43,Nam,Khác,6,5,29,0
31,Nữ,Quận 2,12,10,24,0
56,Nam,Quận 3,6,4,18,0
44,Nam,Quận 3,12,1,10,0
26,Nam,Quận 1,1,5,8,0
32,Nam,Quận 1,24,2,26,0
32,Nam,Quận 2,6,7,29,0
43,Nữ,Quận 3,12,1,10,1
59,Nữ,Quận 3,1,0,17,1
30,Nữ,Quận 1,1,8,2,0
49,Nữ,Quận 3,24,11,6,0
56,Nam,Khác,12,2,5,1
49,Nam,Quận 1,6,10,28,0
21,Nam,Quận 2,24,0,5,0
47,Nam,Quận 1,6,6,18,0
54,Nữ,Quận 3,1,9,26,0
40,Nam,Quận 2,6,4,20,0
56,Nam,Quận 1,6,4,27,0
32,Nữ,Khác,24,0,12,1
46,Nữ,Khác,6,8,7,0
53,Nữ,Quận 1,24,6,3,0
30,Nữ,Khác,1,7,10,0
49,Nam,Khác,24,8,34,0
24,Nam,Khác,24,5,25,0
39,Nữ,Quận 2,12,11,35,0
45,Nam,Khác,6,4,16,0
19,Nam,Khác,1,5,2,1
59,Nam,Khác,24,10,24,0
23,Nữ,Quận 2,1,1,10,1
45,Nam,Quận 1,12,3,22,0
45,Nữ,Quận 3,6,2,26,0
37,Nam,Khác,24,6,27,0
47,Nam,Quận 1,6,8,29,0
28,Nam,Khác,12,4,20,0
45,Nữ,Quận 2,12,5,27,0
42,Nam,Quận 1,1,9,20,0
56,Nữ,Quận 2,24,11,19,0
50,Nữ,Khác,1,11,20,0
18,Nữ,Khác,12,1,35,1
44,Nam,Quận 2,6,2,2,0
30,Nam,Quận 3,1,2,30,0
58,Nam,Quận 2,1,11,34,0
20,Nam,Khác,6,11,22,0
56,Nữ,Quận 2,1,8,3,1
23,Nữ,Quận 3,6,6,6,0
25,Nữ,Quận 2,24,7,15,0
44,Nam,Quận 3,6,10,27,0
26,Nữ,Quận 3,24,9,10,0
54,Nam,Quận 2,6,10,9,0
50,Nữ,Quận 2,12,8,33,0
59,Nam,Quận 1,12,5,32,0
41,Nam,Khác,24,3,6,0
32,Nữ,Quận 3,24,11,2,0
49,Nữ,Quận 1,12,0,29,1
49,Nữ,Quận 2,24,7,4,0
41,Nữ,Khác,6,6,1,0
58,Nam,Quận 1,6,1,19,0
29,Nữ,Quận 3,12,7,26,0
56,Nữ,Quận 1,1,11,25,0
19,Nữ,Quận 3,6,4,10,0
20,Nam,Quận 2,24,6,15,0
54,Nam,Khác,1,3,22,0
34,Nữ,Khác,1,4,21,0
19,Nam,Khác,6,7,22,0
19,Nữ,Quận 2,6,0,34,1
45,Nam,Quận 3,1,0,30,0
40,Nam,Quận 2,1,3,25,0
54,Nam,Khác,12,2,28,0
49,Nam,Quận 2,24,9,1,1
50,Nữ,Quận 2,12,11,4,1
18,Nữ,Quận 2,6,1,7,1
36,Nữ,Quận 3,12,11,9,0
19,Nam,Quận 1,12,2,19,0
43,Nữ,Quận 1,12,10,1,0
49,Nữ,Quận 2,12,10,10,1
23,Nữ,Quận 1,24,10,9,0
49,Nam,Quận 1,24,0,32,0
21,Nam,Quận 2,1,0,32,1
28,Nam,Quận 2,6,5,6,0
34,Nữ,Khác,12,4,17,0
55,Nữ,Quận 1,1,7,10,0
41,Nữ,Quận 3,1,1,27,1
22,Nam,Quận 2,1,3,35,0
51,Nam,Khác,24,7,21,0
23,Nữ,Quận 3,12,11,25,0
39,Nam,Quận 1,12,5,28,0
28,Nam,Khác,6,0,15,0
33,Nam,Quận 2,12,3,4,0
50,Nam,Quận 3,12,0,29,1
26,Nữ,Quận 2,1,1,9,1
23,Nam,Quận 1,6,4,27,0
33,Nam,Quận 3,12,7,26,0
46,Nam,Quận 1,24,7,19,0
20,Nam,Quận 1,12,10,28,0
37,Nữ,Khác,1,2,17,0
53,Nữ,Quận 2,24,10,20,0
36,Nam,Quận 3,1,3,23,0
43,Nam,Quận 1,12,9,32,0
20,Nam,Quận 1,24,10,33,0
36,Nam,Quận 3,6,5,5,0
37,Nam,Quận 1,6,10,34,0
49,Nam,Khác,24,10,11,0
24,Nữ,Khác,24,9,3,0
58,Nam,Khác,1,2,33,1
50,Nữ,Khác,24,1,11,1
57,Nữ,Quận 1,1,5,16,0
56,Nam,Quận 3,12,10,18,0
35,Nữ,Quận 3,1,4,30,0
57,Nữ,Quận 3,24,9,10,0
18,Nữ,Quận 3,24,4,18,0
28,Nữ,Quận 2,12,9,19,0
45,Nữ,Quận 3,24,4,13,0
42,Nữ,Quận 2,24,9,3,0
40,Nam,Quận 2,6,11,10,0
48,Nữ,Khác,6,4,1,0
47,Nữ,Quận 2,12,2,27,0
59,Nữ,Quận 1,1,6,8,1
52,Nam,Quận 2,6,5,17,0
24,Nữ,Khác,1,3,9,1
33,Nam,Quận 2,24,1,6,1
43,Nữ,Quận 1,6,11,25,0
19,Nam,Quận 1,12,8,28,0
18,Nam,Quận 1,12,0,33,0
29,Nữ,Khác,12,10,9,0
22,Nữ,Khác,6,3,18,0
54,Nam,Quận 3,1,0,21,1
49,Nữ,Khác,24,5,2,1
26,Nam,Quận 1,1,3,15,0
58,Nam,Quận 1,1,4,28,0
52,Nam,Khác,24,4,18,0
36,Nam,Quận 2,24,8,34,0
33,Nam,Khác,6,0,22,0
20,Nữ,Khác,6,1,11,1
37,Nam,Quận 1,6,5,13,0
41,Nam,Quận 3,6,4,4,0
50,Nữ,Quận 1,6,10,22,0
41,Nam,Quận 3,24,6,7,0
28,Nữ,Quận 1,1,2,24,1
25,Nữ,Khác,6,2,4,0
53,Nữ,Quận 1,6,9,28,0
55,Nam,Quận 1,1,1,15,0
57,Nam,Quận 1,6,2,1,0
37,Nam,Khác,1,9,3,1
52,Nữ,Khác,1,0,14,1
42,Nam,Khác,24,4,1,0
52,Nữ,Khác,12,11,21,0
42,Nam,Quận 3,24,4,29,0
46,Nữ,Quận 3,12,11,5,0
35,Nam,Quận 2,12,10,10,0
35,Nam,Khác,12,6,28,0
19,Nam,Quận 3,6,3,21,0
52,Nữ,Quận 1,24,2,7,0
33,Nữ,Khác,12,0,3,0
58,Nam,Quận 2,1,11,20,0
53,Nam,Quận 2,6,7,19,0
50,Nữ,Quận 2,24,2,35,0
21,Nữ,Quận 1,12,1,4,0
50,Nữ,Quận 3,1,10,5,0
31,Nam,Quận 1,24,3,1,0
38,Nữ,Khác,24,2,4,0
37,Nam,Quận 2,6,0,12,0
25,Nữ,Quận 1,24,2,27,0
24,Nam,Quận 1,6,11,23,0
20,Nữ,Quận 3,12,1,25,0
34,Nữ,Quận 3,6,7,21,0
50,Nữ,Quận 2,1,5,24,0
29,Nữ,Quận 1,6,8,25,0
39,Nữ,Quận 1,1,7,32,0
39,Nam,Quận 3,6,9,32,0
47,Nữ,Quận 1,24,2,5,0
55,Nữ,Quận 1,12,4,16,0
55,Nữ,Quận 1,1,6,33,0
25,Nam,Quận 3,6,4,21,0
44,Nữ,Quận 2,6,7,9,0
44,Nam,Khác,6,11,6,0
51,Nữ,Quận 2,24,4,35,0
38,Nữ,Khác,24,0,22,0
47,Nam,Quận 1,1,4,5,0
50,Nữ,Quận 2,1,3,23,0
45,Nam,Khác,24,5,17,0
50,Nam,Quận 3,1,2,12,0
22,Nữ,Quận 3,12,10,23,0
36,Nam,Quận 2,12,4,16,0
21,Nữ,Quận 2,24,1,3,1
52,Nữ,Quận 1,1,10,30,0
34,Nam,Quận 2,6,5,22,1
45,Nam,Quận 1,12,11,9,0
47,Nam,Quận 1,24,5,29,0
46,Nam,Quận 3,1,4,23,0
23,Nữ,Quận 3,24,5,13,0
52,Nữ,Khác,6,10,32,0
58,Nam,Quận 3,12,6,23,0
54,Nữ,Quận 3,24,11,17,0
41,Nữ,Quận 2,24,4,21,0
46,Nữ,Quận 3,24,0,2,0
48,Nữ,Khác,6,7,6,0
52,Nam,Quận 2,24,3,18,0
50,Nam,Khác,6,8,30,0
38,Nữ,Quận 3,6,9,22,0
49,Nam,Khác,6,11,33,0
40,Nam,Quận 2,12,5,30,0
50,Nam,Quận 1,12,0,17,1
20,Nữ,Khác,24,2,32,0
35,Nữ,Khác,24,2,14,0
42,Nữ,Quận 2,12,9,10,0
59,Nam,Quận 2,1,11,34,0
48,Nữ,Khác,12,11,9,0
20,Nữ,Quận 3,6,3,28,0
57,Nam,Khác,12,5,11,0
41,Nữ,Quận 2,6,6,14,0
49,Nữ,Quận 1,24,9,19,0
39,Nam,Quận 1,1,3,15,0
40,Nam,Quận 3,24,5,28,0
19,Nam,Khác,6,10,24,0
44,Nữ,Quận 1,6,0,8,0
59,Nữ,Khác,6,7,9,0
19,Nữ,Quận 2,1,6,33,0
43,Nam,Quận 1,12,10,33,0
34,Nam,Quận 3,24,10,19,0
57,Nữ,Quận 2,24,8,3,0
50,Nữ,Quận 3,12,2,10,0
26,Nam,Quận 2,24,1,1,1
56,Nam,Quận 1,1,0,29,1
46,Nam,Quận 3,24,2,34,0
59,Nam,Quận 3,6,4,13,0
43,Nữ,Quận 2,12,10,1,1
52,Nam,Quận 3,1,1,34,0
42,Nữ,Quận 2,12,11,29,0
41,Nữ,Quận 2,1,2,13,0
30,Nữ,Quận 2,6,3,29,0
24,Nam,Quận 2,12,6,24,0
53,Nam,Quận 1,24,2,26,0
37,Nam,Quận 2,1,8,17,0
18,Nam,Khác,12,7,7,1
25,Nữ,Quận 3,24,3,13,0
33,Nam,Khác,12,0,5,1
31,Nam,Quận 1,12,0,26,0
29,Nữ,Khác,12,0,3,1
40,Nam,Quận 3,1,0,7,1
32,Nữ,Khác,24,7,1,0
45,Nữ,Quận 1,6,2,17,0
51,Nữ,Quận 2,1,5,25,0
19,Nữ,Khác,1,2,3,0
49,Nữ,Quận 1,1,10,15,1
40,Nữ,Quận 1,6,4,29,0
39,Nữ,Quận 3,24,6,32,0
42,Nữ,Quận 3,24,1,26,0
39,Nam,Khác,24,5,16,0
39,Nam,Quận 2,12,5,25,0
59,Nam,Quận 1,12,10,28,0
23,Nam,Khác,12,2,9,0
32,Nữ,Quận 1,6,5,1,0
54,Nam,Quận 1,12,9,29,0
50,Nữ,Quận 2,6,9,22,0
25,Nam,Quận 2,24,4,16,0
22,Nam,Khác,12,11,7,1
56,Nam,Quận 2,12,1,14,0
21,Nữ,Quận 2,1,8,29,0
23,Nam,Khác,6,7,19,0
49,Nữ,Quận 2,24,2,19,0
47,Nữ,Quận 3,1,7,2,0
52,Nam,Quận 1,1,8,15,0
57,Nam,Quận 1,24,2,3,0
33,Nam,Quận 1,1,2,11,1
30,Nữ,Quận 1,6,1,30,0
59,Nam,Khác,6,7,18,0
47,Nữ,Quận 1,12,9,2,1
36,Nữ,Quận 1,1,0,32,1
34,Nam,Quận 1,12,7,8,0
36,Nam,Quận 1,1,6,22,0
45,Nữ,Quận 3,6,6,6,0
43,Nữ,Quận 1,6,2,12,1
54,Nữ,Quận 3,6,0,15,0
43,Nam,Khác,1,3,28,0
40,Nữ,Quận 2,6,8,18,0
26,Nam,Quận 1,1,4,2,0
29,Nữ,Quận 2,12,0,13,1
18,Nữ,Quận 2,1,4,15,0
18,Nam,Khác,12,7,20,0
51,Nữ,Quận 2,1,7,29,1
49,Nam,Quận 3,12,4,29,0
42,Nam,Quận 2,6,11,3,1
57,Nữ,Quận 2,12,8,19,0
18,Nam,Quận 2,6,0,3,1
33,Nam,Quận 1,6,3,14,0
56,Nữ,Quận 1,12,2,4,0
22,Nam,Quận 3,1,1,11,1
39,Nam,Quận 3,1,7,31,0
46,Nam,Quận 1,24,6,32,0
20,Nữ,Quận 3,1,8,27,0
29,Nam,Quận 1,24,1,30,0
43,Nữ,Khác,1,3,2,1
33,Nữ,Quận 2,1,5,9,0
54,Nam,Quận 2,6,10,28,0
39,Nam,Quận 3,24,2,31,0
46,Nam,Quận 1,1,7,34,0
31,Nữ,Quận 1,24,2,15,0
45,Nam,Quận 3,6,11,25,0
22,Nam,Quận 1,6,1,8,1
47,Nam,Khác,24,2,9,1
22,Nam,Quận 2,6,10,32,0
29,Nam,Quận 3,12,5,17,0
33,Nữ,Quận 3,12,1,35,0
43,Nữ,Quận 1,6,7,19,0
43,Nam,Quận 3,12,0,29,0
38,Nam,Khác,1,6,7,0
56,Nam,Quận 1,24,1,28,0
53,Nam,Quận 1,1,9,9,0
50,Nữ,Quận 1,24,11,28,0
47,Nam,Quận 1,6,5,6,0
54,Nữ,Khác,1,11,29,0
40,Nữ,Quận 1,6,1,17,1
27,Nam,Quận 3,6,1,16,1
22,Nữ,Khác,24,9,23,0
53,Nữ,Quận 2,24,7,31,0
51,Nữ,Quận 2,24,11,3,0
48,Nữ,Quận 3,1,1,21,1
27,Nam,Quận 3,12,6,26,0
36,Nam,Khác,24,2,22,0
49,Nữ,Quận 2,24,7,12,0
18,Nam,Quận 2,1,6,13,0
22,Nam,Quận 2,24,7,11,1
21,Nam,Quận 2,1,6,16,0
33,Nam,Quận 2,6,10,8,1
41,Nam,Quận 1,24,5,2,1
33,Nữ,Quận 3,24,6,30,0
19,Nam,Quận 1,6,4,30,0
45,Nam,Quận 2,6,6,12,0
49,Nam,Khác,6,0,10,1
44,Nam,Khác,24,0,11,1
37,Nữ,Quận 2,12,8,15,0
41,Nữ,Quận 2,12,4,16,0
29,Nữ,Khác,12,4,17,0
52,Nữ,Quận 1,24,2,26,0
50,Nam,Quận 1,6,4,2,1
50,Nữ,Quận 2,24,2,12,1
54,Nam,Quận 1,6,8,26,0
29,Nam,Khác,24,8,23,0
20,Nam,Quận 1,24,5,18,0
18,Nam,Quận 2,6,0,32,1
50,Nam,Khác,12,6,3,0
57,Nữ,Quận 1,6,6,3,0
27,Nữ,Quận 3,1,9,30,0
46,Nữ,Khác,1,9,1,1
30,Nữ,Khác,6,3,30,0
29,Nam,Quận 3,24,7,32,0
48,Nữ,Quận 3,1,5,28,0
19,Nam,Khác,1,3,21,1
52,Nữ,Quận 3,24,3,13,0
40,Nam,Quận 2,24,1,27,0
34,Nam,Quận 2,12,1,7,1
43,Nữ,Quận 2,24,11,22,0
25,Nam,Khác,6,3,10,1
46,Nam,Quận 3,6,4,15,0
43,Nữ,Quận 3,12,7,15,0
27,Nam,Quận 1,1,5,4,0
43,Nữ,Quận 1,1,3,32,0
51,Nữ,Quận 3,24,10,23,0
58,Nữ,Quận 3,6,6,6,1
24,Nam,Quận 3,1,7,24,0
21,Nam,Khác,12,1,20,1
28,Nam,Quận 3,12,11,20,0
46,Nữ,Quận 1,6,6,12,0
53,Nam,Khác,12,1,33,1
42,Nữ,Quận 3,12,1,28,0
38,Nữ,Quận 1,6,7,8,0
53,Nam,Khác,24,1,1,1
27,Nữ,Quận 3,24,10,22,0
54,Nam,Quận 3,12,8,6,0
26,Nam,Quận 3,24,11,21,0
41,Nam,Khác,24,0,32,0
52,Nam,Quận 1,12,8,35,0
52,Nam,Quận 1,24,0,15,1
53,Nữ,Quận 2,12,9,5,0
35,Nữ,Quận 3,1,9,6,0
56,Nữ,Quận 2,6,1,25,1
49,Nam,Quận 2,6,5,29,0
41,Nam,Quận 1,24,5,7,0
40,Nam,Khác,24,0,13,0
49,Nữ,Khác,24,6,18,0
54,Nam,Quận 1,6,7,2,0
29,Nữ,Khác,1,1,8,1
30,Nữ,Quận 2,1,7,11,0
40,Nam,Quận 3,6,8,33,0
42,Nam,Quận 1,1,5,27,0
52,Nữ,Quận 3,6,4,20,0
58,Nam,Khác,1,11,12,0
47,Nữ,Quận 3,12,8,31,0
34,Nam,Khác,12,11,27,0
37,Nam,Khác,6,10,32,0
42,Nữ,Quận 2,1,8,10,0
39,Nam,Khác,24,0,3,0
30,Nữ,Quận 2,1,10,27,0
36,Nam,Quận 2,12,2,35,0
53,Nữ,Quận 2,12,8,31,0
29,Nữ,Quận 1,1,10,15,0
58,Nam,Quận 1,1,1,16,1
36,Nữ,Khác,24,11,13,0
29,Nam,Quận 2,24,3,35,0
26,Nam,Quận 1,1,3,11,0
24,Nam,Quận 2,1,1,21,0
45,Nữ,Quận 3,1,2,11,1
31,Nữ,Quận 3,1,2,30,0
48,Nam,Quận 3,6,0,35,0
36,Nam,Khác,1,5,22,1
33,Nữ,Quận 2,24,7,31,0
22,Nam,Quận 3,12,11,14,0
52,Nam,Quận 1,6,2,24,0
29,Nữ,Quận 3,1,4,32,0
42,Nam,Quận 3,12,0,32,0
38,Nữ,Quận 3,6,9,15,0
53,Nam,Khác,12,6,35,0
40,Nữ,Quận 1,1,9,3,0
33,Nam,Quận 2,1,0,16,1
56,Nam,Quận 1,24,11,5,1
59,Nữ,Quận 2,1,10,21,0
56,Nam,Khác,1,8,10,1
31,Nữ,Khác,6,7,19,0
48,Nam,Khác,24,6,25,0
22,Nữ,Khác,6,9,4,0
52,Nữ,Quận 2,12,6,29,0
40,Nữ,Quận 3,1,4,19,0
46,Nữ,Quận 2,12,4,2,0
28,Nam,Quận 1,6,10,10,0
35,Nam,Khác,1,4,25,0
29,Nữ,Khác,1,0,20,1
26,Nữ,Quận 1,6,7,19,0
27,Nữ,Quận 2,6,11,23,0
34,Nam,Quận 3,6,10,24,0
55,Nam,Quận 3,6,0,11,0
24,Nam,Quận 1,6,3,34,0
30,Nam,Quận 3,1,8,28,1
57,Nữ,Quận 2,6,8,5,0
59,Nữ,Quận 2,1,4,5,1
26,Nữ,Quận 1,1,3,21,0
44,Nam,Quận 2,6,2,12,0
19,Nam,Khác,6,2,4,0
22,Nam,Quận 1,24,11,20,0
46,Nữ,Quận 2,1,4,25,0
54,Nữ,Quận 1,6,9,14,0
55,Nam,Quận 3,6,0,11,1
36,Nữ,Quận 2,6,4,32,0
25,Nam,Khác,24,5,11,0
18,Nam,Quận 2,24,6,18,0
39,Nữ,Quận 1,12,11,27,0
34,Nam,Quận 1,1,8,18,0
24,Nữ,Quận 2,12,2,23,0
42,Nam,Khác,6,1,11,1
21,Nữ,Khác,24,2,21,1
53,Nữ,Khác,24,11,5,0
23,Nữ,Quận 1,12,8,23,0
48,Nam,Quận 2,24,11,25,0
36,Nam,Quận 3,6,6,10,0
56,Nữ,Quận 1,24,8,22,0
44,Nữ,Khác,12,1,19,0
27,Nam,Quận 2,6,4,1,1
43,Nam,Khác,12,3,7,0
36,Nam,Quận 3,24,1,4,1
56,Nữ,Khác,12,8,1,0
20,Nam,Khác,12,8,15,0
30,Nam,Quận 3,1,5,12,0
45,Nữ,Quận 2,24,10,22,0
37,Nam,Quận 1,24,5,22,0
45,Nam,Quận 2,12,7,17,0
25,Nam,Quận 3,1,5,29,0
58,Nữ,Khác,24,0,14,0
56,Nữ,Quận 2,6,3,20,0
18,Nữ,Quận 1,12,6,33,0
20,Nữ,Quận 3,24,1,15,0
30,Nữ,Quận 2,6,8,12,0
45,Nữ,Quận 1,24,7,20,0
42,Nữ,Quận 3,6,7,30,0
50,Nam,Quận 1,12,6,3,1
55,Nam,Quận 3,24,3,28,0
23,Nữ,Khác,24,1,26,1
49,Nam,Quận 2,1,2,30,0
38,Nam,Quận 1,12,11,13,0
33,Nữ,Quận 3,6,5,13,0
38,Nam,Quận 1,24,11,2,1
28,Nam,Quận 1,24,11,2,1
54,Nam,Quận 2,6,4,26,0
53,Nam,Khác,12,11,11,1
52,Nam,Quận 1,1,7,8,0
36,Nữ,Quận 3,1,5,22,0
37,Nữ,Quận 3,24,5,20,0
35,Nữ,Khác,6,0,8,1
58,Nam,Quận 3,24,3,29,0
31,Nữ,Khác,6,4,26,0
32,Nam,Quận 3,1,11,30,0
48,Nam,Quận 2,12,10,17,0
18,Nam,Quận 1,6,2,20,0
20,Nam,Quận 2,1,8,16,0
33,Nữ,Quận 1,24,0,7,1
40,Nữ,Quận 1,6,5,16,0
28,Nam,Quận 1,12,5,27,0
29,Nữ,Quận 2,24,9,23,0
27,Nam,Quận 1,24,4,24,0
49,Nữ,Quận 2,1,11,9,0
33,Nữ,Khác,6,4,35,0
25,Nam,Quận 3,24,9,20,0
55,Nữ,Quận 3,12,4,17,0
29,Nam,Quận 1,6,5,31,0
41,Nữ,Quận 2,12,7,8,0
45,Nam,Quận 3,24,1,15,1
25,Nam,Quận 2,12,5,31,0
45,Nữ,Quận 2,1,0,30,1
53,Nữ,Quận 1,12,3,20,0
43,Nam,Quận 3,6,9,12,0
25,Nữ,Quận 1,12,2,17,0
45,Nữ,Quận 1,12,8,30,0
45,Nam,Quận 3,1,2,29,0
54,Nam,Quận 3,12,5,19,0
58,Nữ,Khác,12,0,11,1
53,Nam,Khác,24,11,34,0
44,Nam,Quận 2,24,5,7,0
34,Nam,Quận 3,6,3,34,0
26,Nữ,Khác,24,7,20,0
50,Nữ,Quận 2,24,10,24,0
37,Nam,Quận 2,24,8,10,0
30,Nữ,Quận 2,24,3,32,0
45,Nam,Khác,1,9,15,0
46,Nữ,Quận 3,24,11,20,0
30,Nam,Quận 1,1,9,3,0
52,Nam,Quận 2,1,5,8,1
23,Nữ,Khác,24,0,23,0
35,Nam,Khác,12,3,11,0
22,Nữ,Quận 1,1,6,8,1
42,Nữ,Quận 1,12,11,29,0
19,Nam,Khác,12,0,30,0
27,Nam,Quận 3,24,7,10,0
47,Nữ,Quận 1,6,11,28,0
22,Nam,Khác,24,9,13,0
50,Nam,Quận 1,6,11,32,0
18,Nam,Quận 3,6,10,26,0
35,Nam,Quận 2,24,5,22,0
49,Nam,Quận 1,24,4,4,0
28,Nữ,Quận 3,6,9,31,0
38,Nữ,Khác,24,10,18,0
43,Nam,Quận 1,6,8,24,0
42,Nam,Quận 1,12,1,23,0
39,Nam,Khác,24,4,22,0
44,Nữ,Quận 2,12,5,2,0
30,Nam,Khác,1,6,31,0
50,Nữ,Quận 1,12,4,11,0
51,Nữ,Khác,12,8,28,0
58,Nữ,Quận 3,6,0,32,0
52,Nam,Khác,12,6,5,0
18,Nữ,Quận 1,24,9,10,0
38,Nam,Khác,6,6,24,0
23,Nữ,Quận 2,1,3,35,0
45,Nam,Khác,24,8,23,0
34,Nữ,Quận 2,1,11,17,0
22,Nam,Quận 3,12,10,1,0
48,Nữ,Quận 2,24,4,31,0
22,Nam,Khác,24,3,31,0
55,Nam,Quận 1,1,6,34,0
20,Nam,Quận 2,24,3,9,0
40,Nam,Quận 3,24,2,22,0
54,Nữ,Quận 2,24,8,13,0
54,Nữ,Quận 2,12,10,25,0
27,Nam,Quận 2,1,7,18,1
27,Nữ,Quận 3,24,0,12,0
36,Nam,Khác,6,6,17,0
34,Nam,Quận 2,6,8,15,0
38,Nữ,Quận 2,6,7,15,0
31,Nam,Quận 1,6,7,15,0
26,Nam,Quận 3,12,5,13,0
18,Nữ,Quận 2,24,10,17,0
30,Nam,Quận 3,1,3,32,1
21,Nam,Quận 2,24,7,9,1
18,Nam,Khác,12,2,20,0
57,Nam,Khác,6,8,26,0
49,Nữ,Quận 2,12,1,27,1
51,Nữ,Khác,24,1,21,0
45,Nữ,Quận 2,1,11,18,0
48,Nam,Khác,12,11,13,0
25,Nam,Quận 1,1,6,16,0
56,Nữ,Quận 1,12,11,9,0
43,Nam,Quận 1,1,9,12,0
51,Nam,Quận 3,1,3,19,0
20,Nam,Quận 3,6,9,7,0
29,Nam,Quận 1,1,7,35,0
18,Nữ,Quận 3,6,8,18,0
22,Nữ,Khác,24,6,16,0
47,Nữ,Quận 2,24,4,4,0
47,Nam,Quận 2,6,7,25,0
34,Nữ,Quận 2,6,3,32,0
40,Nữ,Quận 1,12,1,13,0
32,Nam,Quận 3,12,10,17,0
54,Nam,Khác,12,11,6,0
38,Nữ,Khác,24,5,19,0
31,Nữ,Quận 1,12,8,13,0
19,Nữ,Khác,1,0,26,1
28,Nữ,Khác,1,10,14,0
56,Nam,Khác,12,9,31,0
55,Nữ,Khác,1,11,4,1
51,Nữ,Quận 3,24,6,8,0
55,Nam,Khác,1,9,25,0
51,Nữ,Quận 2,24,8,13,0
35,Nam,Quận 1,6,9,32,0
47,Nam,Quận 3,6,8,28,0
32,Nam,Khác,6,9,30,0
44,Nữ,Quận 3,6,10,3,0
51,Nữ,Khác,1,2,28,0
55,Nam,Quận 2,12,10,3,0
50,Nữ,Quận 1,1,4,34,0
41,Nữ,Khác,24,7,16,0
32,Nam,Khác,1,7,22,0
47,Nam,Khác,1,3,32,0
59,Nữ,Khác,24,11,8,0
34,Nam,Quận 1,6,10,8,0
22,Nữ,Quận 1,6,10,6,0
46,Nữ,Quận 2,6,0,14,1
21,Nữ,Quận 1,12,0,32,0
27,Nữ,Khác,24,3,35,0
34,Nam,Quận 2,24,5,10,1
27,Nam,Quận 2,1,7,3,1
34,Nam,Quận 2,12,5,12,0
37,Nam,Khác,6,11,31,0
41,Nữ,Quận 3,12,8,29,0
22,Nữ,Khác,24,8,5,0
51,Nam,Quận 1,24,1,25,0
23,Nữ,Quận 1,1,9,31,0
19,Nữ,Khác,1,0,21,0
30,Nữ,Khác,24,1,20,0
28,Nam,Quận 2,6,4,22,0
40,Nam,Khác,6,3,4,1
33,Nam,Quận 2,12,3,13,0
48,Nữ,Quận 1,24,8,20,0
28,Nam,Quận 2,24,10,13,0
33,Nam,Khác,6,7,17,0
25,Nam,Quận 1,6,5,33,0
21,Nam,Quận 3,24,0,1,0
57,Nam,Quận 2,1,1,15,1
21,Nam,Quận 1,24,5,13,0
42,Nữ,Quận 2,24,10,17,0
20,Nữ,Quận 1,6,1,24,0
49,Nam,Quận 1,6,9,8,0
20,Nam,Quận 2,1,4,27,0
44,Nữ,Quận 3,1,4,23,0
46,Nữ,Quận 1,12,5,8,0
49,Nam,Quận 1,24,5,8,0
36,Nam,Quận 1,6,5,26,0
38,Nam,Quận 3,1,1,13,1
22,Nam,Quận 3,12,9,28,0
35,Nữ,Khác,12,2,25,0
45,Nam,Quận 2,6,5,16,0
59,Nam,Quận 3,6,7,2,0
39,Nam,Quận 2,12,11,18,0
38,Nam,Khác,1,10,17,0
23,Nữ,Quận 2,12,11,30,0
18,Nữ,Quận 3,24,0,13,0
22,Nữ,Quận 2,24,0,32,1
58,Nam,Quận 3,6,10,29,0
29,Nam,Quận 2,1,1,30,1
43,Nữ,Quận 3,1,10,18,0
51,Nam,Quận 3,24,11,13,0
31,Nam,Quận 2,12,11,21,0
43,Nữ,Khác,6,5,30,0
44,Nữ,Quận 1,12,8,21,0
26,Nữ,Khác,12,3,17,0
43,Nữ,Quận 2,12,2,19,0
39,Nam,Khác,1,11,15,0
47,Nam,Quận 3,24,7,9,1
34,Nữ,Quận 1,1,10,10,0
43,Nam,Quận 2,24,9,31,0
53,Nữ,Quận 2,6,8,23,0
18,Nữ,Quận 2,6,11,30,0
25,Nam,Quận 1,12,10,33,0
52,Nữ,Quận 3,24,4,9,0
32,Nam,Quận 2,24,8,1,0
39,Nam,Khác,24,1,35,1
31,Nam,Quận 2,12,2,11,0
43,Nam,Quận 2,12,6,34,0
45,Nữ,Quận 2,6,6,16,0
40,Nam,Quận 2,1,5,9,1
31,Nữ,Quận 3,24,5,32,0
41,Nữ,Khác,24,1,15,1
19,Nữ,Quận 3,1,9,12,1
43,Nữ,Khác,24,5,33,0
31,Nam,Quận 2,12,3,14,0
24,Nam,Quận 1,12,11,8,1
20,Nữ,Quận 3,24,2,8,0
40,Nữ,Quận 1,12,10,27,0
35,Nam,Quận 3,12,1,12,1
55,Nữ,Quận 2,24,0,1,1
52,Nam,Quận 3,6,10,11,0
32,Nữ,Quận 2,1,10,31,1
42,Nam,Quận 3,12,4,17,0
54,Nữ,Quận 2,6,1,33,1
45,Nữ,Quận 2,12,1,32,0
27,Nam,Khác,12,6,29,0
56,Nữ,Quận 2,1,7,21,1
34,Nữ,Khác,12,9,21,0
56,Nam,Quận 2,1,7,23,0
39,Nữ,Quận 1,1,3,6,0
43,Nam,Quận 2,1,0,22,0
42,Nam,Quận 1,6,10,8,0
34,Nữ,Quận 1,24,6,35,0
30,Nữ,Quận 2,6,0,11,1
37,Nữ,Quận 1,24,10,24,0
42,Nữ,Khác,24,3,21,0
21,Nữ,Quận 3,1,7,2,0
27,Nữ,Quận 2,12,1,19,0
20,Nữ,Quận 1,1,5,28,0
58,Nam,Quận 2,12,5,17,0
35,Nữ,Khác,24,11,6,0
53,Nam,Quận 2,1,8,19,0
39,Nữ,Quận 2,12,4,28,0
51,Nữ,Quận 1,6,9,2,1
25,Nam,Khác,12,3,4,0
57,Nữ,Quận 3,1,4,22,0
36,Nữ,Quận 3,6,11,26,0
59,Nam,Quận 1,12,11,13,0
58,Nữ,Quận 2,12,9,32,0
54,Nữ,Quận 1,12,10,17,0
23,Nữ,Quận 1,12,4,19,0
43,Nam,Quận 1,12,7,35,0
51,Nữ,Quận 2,6,9,28,0
23,Nữ,Khác,24,11,1,0
54,Nữ,Quận 1,6,7,18,0
50,Nữ,Quận 2,6,1,33,0
39,Nam,Khác,6,6,12,0
38,Nam,Quận 1,24,7,8,0
23,Nữ,Quận 3,1,10,24,0
23,Nữ,Khác,24,5,16,0
21,Nam,Quận 1,6,4,4,0
47,Nam,Khác,12,10,27,1
28,Nữ,Khác,12,8,9,0
47,Nam,Khác,6,2,16,0
48,Nữ,Khác,12,11,12,0
41,Nam,Khác,6,9,31,0
26,Nam,Khác,12,3,24,0
20,Nam,Quận 1,24,8,14,0
48,Nam,Quận 3,1,5,25,0
57,Nữ,Quận 2,1,7,34,0
54,Nam,Khác,24,6,3,1
53,Nam,Quận 2,24,10,24,0
41,Nữ,Quận 1,6,1,9,1
48,Nam,Khác,6,2,26,0
23,Nam,Quận 3,6,0,20,0
19,Nữ,Quận 2,12,8,10,0
37,Nam,Khác,6,6,19,0
45,Nữ,Quận 1,24,0,3,1
28,Nữ,Quận 3,1,2,24,0
21,Nữ,Quận 2,12,3,5,0
32,Nữ,Quận 2,6,3,3,0
23,Nam,Khác,12,4,27,0
47,Nữ,Quận 3,12,2,16,0
55,Nam,Quận 3,6,2,15,0
19,Nam,Quận 3,12,0,35,1
32,Nam,Quận 3,1,6,12,0
28,Nam,Quận 1,24,10,26,0
25,Nam,Quận 3,24,9,34,1
43,Nam,Quận 2,1,0,23,0
22,Nam,Quận 2,12,1,31,0
23,Nam,Quận 1,6,3,20,0
43,Nam,Quận 2,12,3,12,0
21,Nam,Quận 2,1,4,23,0
36,Nữ,Quận 3,12,10,4,1
37,Nữ,Quận 2,24,1,23,0
50,Nữ,Quận 1,12,3,1,0
37,Nam,Quận 3,1,0,25,1
29,Nữ,Khác,24,1,2,1
18,Nữ,Quận 3,12,0,30,1
43,Nữ,Quận 1,12,9,3,1
31,Nam,Quận 3,24,9,21,0
55,Nam,Quận 3,6,3,25,0
54,Nam,Quận 1,24,3,20,0
28,Nam,Quận 3,6,6,22,0
53,Nữ,Quận 1,1,9,21,0
30,Nữ,Quận 1,1,10,33,1
20,Nữ,Khác,24,10,15,0
50,Nữ,Quận 2,24,8,15,0
23,Nam,Quận 2,1,8,25,0
27,Nam,Quận 3,6,4,21,1
22,Nam,Quận 3,1,9,24,0
40,Nữ,Khác,24,0,5,0
27,Nam,Khác,1,0,6,1
19,Nam,Khác,24,5,23,0
30,Nữ,Quận 1,24,1,4,0
57,Nữ,Khác,1,7,27,0
19,Nam,Khác,6,8,18,0
37,Nam,Quận 3,12,3,21,0
18,Nam,Khác,1,4,28,0
54,Nam,Quận 1,12,10,35,0
26,Nam,Quận 1,1,7,22,0
34,Nam,Quận 3,12,2,23,0
26,Nữ,Khác,6,4,3,0
28,Nữ,Khác,6,2,10,0
32,Nữ,Quận 1,1,11,25,0
41,Nam,Khác,24,9,8,0
55,Nữ,Khác,12,2,11,0
52,Nam,Khác,24,2,5,0
47,Nam,Quận 2,24,11,29,0
48,Nữ,Quận 3,24,6,5,0
22,Nam,Quận 2,6,6,9,1
31,Nam,Quận 3,1,6,2,1
28,Nữ,Quận 1,1,9,1,0
26,Nữ,Khác,6,7,30,0
51,Nữ,Quận 3,6,4,11,0
29,Nam,Quận 2,1,4,28,1
52,Nữ,Khác,24,3,12,0
52,Nữ,Quận 1,12,6,26,0
18,Nam,Quận 3,12,9,13,0
57,Nữ,Quận 3,12,3,8,0
39,Nữ,Quận 3,24,1,28,0
46,Nữ,Khác,1,3,30,0
25,Nam,Quận 2,6,7,9,0
28,Nam,Quận 2,1,8,31,0
58,Nam,Quận 3,24,2,21,0
54,Nam,Quận 1,6,6,34,0
31,Nữ,Quận 1,24,11,31,0
47,Nam,Quận 2,12,8,25,0
52,Nam,Quận 1,12,10,12,1
38,Nữ,Quận 2,24,3,1,0
54,Nữ,Quận 3,6,9,22,0
22,Nữ,Quận 2,6,2,1,1
36,Nam,Quận 2,1,4,1,0
31,Nam,Quận 3,12,0,21,1
43,Nam,Quận 1,1,2,15,0
21,Nữ,Quận 2,1,7,17,0
42,Nữ,Quận 2,24,10,22,0
59,Nam,Quận 3,24,7,35,0
42,Nữ,Quận 1,1,3,16,0
35,Nữ,Quận 2,12,1,8,1
57,Nữ,Quận 3,24,7,17,0
25,Nam,Quận 2,1,7,17,0
56,Nữ,Khác,1,9,26,0
57,Nữ,Quận 3,1,3,13,0
31,Nam,Quận 1,1,2,17,0
49,Nam,Quận 1,1,1,17,0
55,Nữ,Quận 1,1,8,14,0
50,Nữ,Quận 1,24,0,6,1
40,Nam,Quận 2,12,6,35,0
32,Nam,Quận 2,1,4,14,0
50,Nữ,Quận 1,6,7,8,0
42,Nữ,Quận 1,24,3,15,0
34,Nữ,Quận 1,24,6,27,0
50,Nữ,Quận 2,1,4,13,0
19,Nam,Quận 1,24,4,31,0
31,Nữ,Quận 1,1,8,35,0
57,Nữ,Khác,12,8,6,0
57,Nam,Khác,12,8,5,0
56,Nữ,Quận 1,24,11,22,0
23,Nam,Quận 3,24,5,23,0
23,Nữ,Quận 1,6,5,25,0
20,Nữ,Khác,24,4,34,0
24,Nam,Quận 3,6,8,26,0
25,Nam,Quận 3,12,9,5,0
59,Nữ,Quận 1,12,7,26,0
32,Nữ,Khác,1,6,20,1
46,Nữ,Khác,12,6,6,0
50,Nam,Quận 3,6,5,6,0
47,Nữ,Quận 1,24,4,18,0
56,Nam,Quận 2,1,3,4,0
44,Nam,Quận 2,6,2,17,0
53,Nữ,Khác,24,2,14,0
46,Nam,Quận 2,1,5,14,0
55,Nữ,Khác,12,3,13,0
50,Nữ,Khác,6,11,7,1
54,Nữ,Khác,24,11,15,0
44,Nữ,Quận 2,1,5,19,0
50,Nữ,Khác,1,2,35,0
21,Nam,Quận 3,12,3,17,0
39,Nam,Quận 1,24,8,35,0
19,Nữ,Quận 1,12,4,19,0
27,Nữ,Khác,12,6,20,0
22,Nam,Quận 1,24,9,35,0
27,Nam,Quận 2,24,1,32,1
50,Nam,Quận 2,24,4,24,0
55,Nam,Quận 1,6,8,17,0
30,Nữ,Quận 2,24,10,7,0
48,Nữ,Quận 1,1,2,1,0
53,Nam,Quận 1,12,8,35,0
41,Nữ,Quận 1,6,10,32,0
32,Nam,Khác,24,5,13,0
46,Nữ,Quận 1,6,3,6,0
25,Nam,Khác,24,6,14,0
22,Nữ,Quận 1,6,7,15,0
